year,date,province,match_type,confidence,themes,assets,title,url
"2026","2026-06-15","Trà Vinh","direct_lead","high","Du lịch chung/chiến lược; Sông nước - miệt vườn; Biển - sinh thái ven biển","Cù lao An Bình - Long Hồ; Ba Động - Trường Long Hòa","Trường Long Hòa phát huy lợi thế phát triển kinh tế biển","https://baovinhlong.com.vn/kinh-te/202606/truong-long-hoa-phat-huy-loi-the-phat-trien-kinh-te-bien-62d49fc/"
"2026","2026-06-14","Bến Tre","direct_title","high","Du lịch chung/chiến lược; Sông nước - miệt vườn; Làng nghề - di sản nghề; Ẩm thực - đặc sản","Bến Tre - xứ Dừa/An Hội","Khai mạc Tuần lễ Văn hóa, Du lịch, Ẩm thực bánh dân gian Nam Bộ - Vị ngon xứ dừa phường An Hội","https://baovinhlong.com.vn/kinh-te/thuong-mai-dich-vu/202606/khai-mac-tuan-le-van-hoa-du-lich-am-thuc-banh-dan-gian-nam-bo-vi-ngon-xu-dua-phuong-an-hoi-ce310af/"
"2026","2026-06-13","Vĩnh Long; Bến Tre","destination_event","medium","Du lịch chung/chiến lược; Sông nước - miệt vườn; Ẩm thực - đặc sản","Bến Tre - xứ Dừa/An Hội","Khai mạc Tuần lễ Văn hóa - Ẩm thực “Bến Tre Tết Đoan Ngọ xứ Dừa” năm 2026","https://baovinhlong.com.vn/nhip-song-dong-bang/202606/khai-mac-tuan-le-van-hoa-am-thuc-ben-tre-tet-doan-ngo-xu-dua-nam-2026-78c0d4f/"
"2026","2026-06-12","Vĩnh Long","tourism_category","high","Du lịch chung/chiến lược; Sông nước - miệt vườn","","Khai trương Vietravel chi nhánh Vĩnh Long","https://baovinhlong.com.vn/xa-hoi/du-lich/202606/khai-truong-vietravel-chi-nhanh-vinh-long-9661c6a/"
"2026","2026-06-10","Trà Vinh","destination_event","medium","Sông nước - miệt vườn; Văn hóa Khmer - lễ hội","Ao Bà Om - Chùa Hang","Ngắm đàn cò trắng tạo hình sống động ở chùa Hang","https://baovinhlong.com.vn/phong-su-anh/202606/chum-anh-ngam-dan-co-trang-tao-hinh-song-dong-o-chua-hang-24a6cff/"
"2026","2026-06-01","Vĩnh Long","direct_lead","high","Sông nước - miệt vườn; Di tích - bảo tàng - tâm linh","","Rộn ràng lễ hội Hạ Điền – Kỳ Yên","https://baovinhlong.com.vn/van-hoa-giai-tri/202606/ron-rang-le-hoi-ha-dien-ky-yen-40a25b5/"
"2026","2026-05-28","Vĩnh Long","tourism_category","high","Du lịch chung/chiến lược; Sông nước - miệt vườn; Di tích - bảo tàng - tâm linh","","Tạo nền tảng số phát triển văn hóa, thể thao và du lịch","https://baovinhlong.com.vn/xa-hoi/du-lich/202605/tao-nen-tang-so-phat-trien-van-hoa-the-thao-va-du-lich-2cb4abd/"
"2026","2026-05-24","Bến Tre","tourism_category","high","Du lịch chung/chiến lược; Sông nước - miệt vườn; Cộng đồng - nông thôn","Bến Tre - xứ Dừa/An Hội","Liên kết khai thác tiềm năng, tạo đà phát triển du lịch","https://baovinhlong.com.vn/xa-hoi/du-lich/202605/lien-ket-khai-thac-tiem-nang-tao-da-phat-trien-du-lich-53f40ac/"
"2026","2026-05-22","Trà Vinh","direct_lead","high","Du lịch chung/chiến lược; Sông nước - miệt vườn; Biển - sinh thái ven biển","Ba Động - Trường Long Hòa","Bình minh Ba Động- Bản giao hưởng ánh sáng của biển miền Tây","https://baovinhlong.com.vn/multimedia/202605/binh-minh-ba-dong-ban-giao-huong-anh-sang-cua-bien-mien-tay-8433735/"
"2026","2026-05-17","Vĩnh Long","direct_lead","high","Du lịch chung/chiến lược; Sông nước - miệt vườn; Làng nghề - di sản nghề","","Kỳ 3: Làng nghề “thức giấc” bên những dòng sông","https://baovinhlong.com.vn/van-hoa-giai-tri/202605/khai-mo-tiem-nang-phat-trien-cong-nghiep-van-hoa-ky-3-lang-nghe-thuc-giac-ben-nhung-dong-song-6526ce6/"
"2026","2026-05-15","Vĩnh Long","direct_title","high","Du lịch chung/chiến lược; Sông nước - miệt vườn","","Kỳ 2: Phát triển du lịch gắn với giữ gìn bản sắc địa phương","https://baovinhlong.com.vn/van-hoa-giai-tri/202605/khai-mo-tiem-nang-phat-trien-cong-nghiep-van-hoa-ky-2-phat-trien-du-lich-gan-voi-giu-gin-ban-sac-dia-phuong-3f609a6/"
"2026","2026-05-15","Vĩnh Long; Bến Tre","tourism_category","high","Du lịch chung/chiến lược; Biển - sinh thái ven biển","Bình Đại/Ba Tri","Ra mắt Chi hội du lịch Bình Đại","https://baovinhlong.com.vn/xa-hoi/du-lich/202605/ra-mat-chi-hoi-du-lich-binh-dai-5ac5d6b/"
"2026","2026-05-14","Vĩnh Long; Trà Vinh","direct_title","high","Du lịch chung/chiến lược; Sông nước - miệt vườn; Biển - sinh thái ven biển","Cù lao An Bình - Long Hồ; Ba Động - Trường Long Hòa","Trường Long Hòa tập trung khai thác tiềm năng du lịch và kinh tế biển","https://baovinhlong.com.vn/kinh-te/202605/truong-long-hoa-tap-trung-khai-thac-tiem-nang-du-lich-va-kinh-te-bien-108088d/"
"2026","2026-05-10","Vĩnh Long; Trà Vinh","destination_event","medium","Làng nghề - di sản nghề; Văn hóa Khmer - lễ hội; Ẩm thực - đặc sản; Di tích - bảo tàng - tâm linh","Dừa sáp Cầu Kè","Một ngày ở “thủ phủ” dừa sáp Cầu Kè","https://baovinhlong.com.vn/van-hoa-giai-tri/202605/mot-ngay-o-thu-phu-dua-sap-cau-ke-5a63907/"
"2026","2026-05-07","Vĩnh Long; Trà Vinh","destination_event","medium","Sông nước - miệt vườn; Biển - sinh thái ven biển","Cù lao An Bình - Long Hồ; Ba Động - Trường Long Hòa","Hãng máy ảnh Canon chọn biển Ba Động tổ chức hội thảo, chia sẻ về kiến thức nhiếp ảnh","https://baovinhlong.com.vn/van-hoa-giai-tri/202605/hang-may-anh-canon-chon-bien-ba-dong-to-chuc-hoi-thaochia-se-ve-kien-thuc-nhiep-anh-d191781/"
"2026","2026-05-07","Vĩnh Long; Trà Vinh","direct_title","high","Du lịch chung/chiến lược; Văn hóa Khmer - lễ hội; Di tích - bảo tàng - tâm linh","Ao Bà Om - Chùa Hang","Kết nối, gặp gỡ gần 40 doanh nghiệp, hội viên du lịch khu vực Trà Vinh","https://baovinhlong.com.vn/van-hoa-giai-tri/202605/ket-noi-gap-go-gan-40-doanh-nghiep-hoi-vien-du-lich-khu-vuc-tra-vinh-c3f3c46/"
"2026","2026-05-05","Vĩnh Long; Trà Vinh; Bến Tre","tourism_category","high","Du lịch chung/chiến lược; Sông nước - miệt vườn; Di tích - bảo tàng - tâm linh","","Điểm đến “An toàn- thân thiện- chất lượng”","https://baovinhlong.com.vn/xa-hoi/du-lich/202605/diem-den-an-toan-than-thien-chat-luong-9c8410c/"
"2026","2026-05-04","Vĩnh Long; Trà Vinh; Bến Tre","tourism_category","high","Sông nước - miệt vườn; Ẩm thực - đặc sản; Di tích - bảo tàng - tâm linh","Bến Tre - xứ Dừa/An Hội","Phường Bến Tre bế mạc Tuần lễ Văn hóa - Ẩm thực năm 2026","https://baovinhlong.com.vn/xa-hoi/du-lich/202605/phuong-ben-tre-be-mac-tuan-le-van-hoa-am-thuc-nam-2026-0090994/"
"2026","2026-05-01","Vĩnh Long","tourism_category","high","Du lịch chung/chiến lược","","Bảo đảm an toàn, nâng cao chất lượng phục vụ du lịch","https://baovinhlong.com.vn/xa-hoi/du-lich/202605/bao-dam-an-toan-nang-cao-chat-luong-phuc-vu-du-lich-59d3a28/"
"2026","2026-04-30","Vĩnh Long; Trà Vinh; Bến Tre","tourism_category","high","Du lịch chung/chiến lược; Sông nước - miệt vườn; Ẩm thực - đặc sản","","Đưa ẩm thực trở thành sản phẩm du lịch đặc trưng","https://baovinhlong.com.vn/xa-hoi/du-lich/202604/dua-am-thuc-tro-thanh-san-pham-du-lich-dac-trung-83f421e/"
"2026","2026-04-30","Bến Tre","direct_title","high","Du lịch chung/chiến lược; Làng nghề - di sản nghề","Bến Tre - xứ Dừa/An Hội; Cồn Phụng/Lan Vương/Phú Túc","Ra mắt “Xóm nghề Lan Vương” phục vụ du khách trải nghiệm dịp lễ 30/4 và 1/5","https://baovinhlong.com.vn/van-hoa-giai-tri/202604/ra-mat-xom-nghe-lan-vuong-phuc-vu-du-khach-trai-nghiem-dip-le-304-va-15-c942616/"
"2026","2026-04-27","Vĩnh Long; Bến Tre","tourism_category","high","Du lịch chung/chiến lược; Ẩm thực - đặc sản","","Vinh danh 29 nghệ nhân nghề bếp, nghề bánh, nghề điêu khắc củ, quả","https://baovinhlong.com.vn/xa-hoi/du-lich/202604/vinh-danh-29-nghe-nhan-nghe-bep-nghe-banh-nghe-dieu-khac-cu-qua-98a0e9c/"
"2026","2026-04-23","Vĩnh Long; Trà Vinh; Bến Tre","tourism_category","high","Du lịch chung/chiến lược; Sông nước - miệt vườn; Làng nghề - di sản nghề; Văn hóa Khmer - lễ hội","Mang Thít - gạch gốm; Ok Om Bok/Khmer","Phát huy tiềm năng, lợi thế đưa du lịch tỉnh phát triển","https://baovinhlong.com.vn/xa-hoi/du-lich/202604/phat-huy-tiem-nang-loi-the-dua-du-lich-tinh-phat-trien-34f44d2/"
"2026","2026-04-22","Vĩnh Long","direct_title","high","Du lịch chung/chiến lược; Làng nghề - di sản nghề","Mang Thít - gạch gốm","Phát triển sản phẩm du lịch đặc thù từ làng nghề gạch, gốm","https://baovinhlong.com.vn/phong-su-ky-su/202604/phat-trien-san-pham-du-lich-dac-thu-tu-lang-nghe-gach-gom-7f54c8b/"
"2026","2026-04-22","Vĩnh Long; Bến Tre","tourism_category","high","Du lịch chung/chiến lược","","Vĩnh Long ban hành Bộ tiêu chí du lịch xanh","https://baovinhlong.com.vn/xa-hoi/du-lich/202604/vinh-long-ban-hanh-bo-tieu-chi-du-lich-xanh-ae52034/"
"2026","2026-04-19","Vĩnh Long","direct_lead","high","Du lịch chung/chiến lược; Văn hóa Khmer - lễ hội","","Vĩnh Long tham gia “Ngày Văn hóa các dân tộc Việt Nam 19/4 năm 2026”","https://baovinhlong.com.vn/van-hoa-giai-tri/202604/vinh-long-tham-gia-ngay-van-hoa-cac-dan-toc-viet-nam-194-nam-2026-80320dc/"
"2026","2026-04-18","Vĩnh Long; Bến Tre","direct_title","high","Du lịch chung/chiến lược","Bến Tre - xứ Dừa/An Hội","Họp mặt doanh nghiệp du lịch năm 2026","https://baovinhlong.com.vn/thoi-su/202604/nam-2026-nganh-du-lich-tinh-dung-truoc-nhieu-co-hoi-va-thach-thuc-10c2093/"
"2026","2026-04-17","Bến Tre","direct_lead","high","Biển - sinh thái ven biển","Bình Đại/Ba Tri","Hè sôi động với cánh đồng diều ở Ba Tri","https://baovinhlong.com.vn/van-hoa-giai-tri/202604/he-soi-dong-voi-canh-dong-dieu-o-ba-tri-242433c/"
"2026","2026-04-17","Vĩnh Long","tourism_category","high","Du lịch chung/chiến lược; Sông nước - miệt vườn; Làng nghề - di sản nghề; Cộng đồng - nông thôn","Mang Thít - gạch gốm; Cù lao An Bình - Long Hồ","Phó Bí thư Tỉnh ủy, Chủ tịch UBND tỉnh Trần Trí Quang khảo sát thực tế Khu lò gạch, gốm Mang Thít và các điểm du lịch","https://baovinhlong.com.vn/xa-hoi/du-lich/202604/pho-bi-thu-tinh-uy-chu-tich-ubnd-tinh-tran-tri-quang-khao-sat-thuc-te-khu-lo-gach-gom-mang-thit-va-cac-diem-du-lich-3524beb/"
"2026","2026-04-16","Bến Tre","tourism_category","high","Du lịch chung/chiến lược; Sông nước - miệt vườn; Cộng đồng - nông thôn","Cồn Phụng/Lan Vương/Phú Túc","Phú Túc khai thác lợi thế tiềm năng du lịch xanh","https://baovinhlong.com.vn/xa-hoi/du-lich/202604/phu-tuc-khai-thac-loi-the-tiem-nang-du-lich-xanh-24909d2/"
"2026","2026-04-11","Vĩnh Long; Bến Tre","tourism_category","high","Du lịch chung/chiến lược; Sông nước - miệt vườn","","Bứt phá từ các ngành dịch vụ, tạo động lực tăng trưởng","https://baovinhlong.com.vn/xa-hoi/du-lich/202604/but-pha-tu-cac-nganh-dich-vu-tao-dong-luc-tang-truong-62b4453/"
"2026","2026-04-10","Vĩnh Long","tourism_category","high","Du lịch chung/chiến lược","","Kết nối du lịch ĐBSCL với Hà Nội và các tỉnh phía Bắc","https://baovinhlong.com.vn/xa-hoi/du-lich/202604/ket-noi-du-lich-dbscl-voi-ha-noi-va-cac-tinh-phia-bac-c7445aa/"
"2026","2026-04-10","Vĩnh Long","direct_title","high","Du lịch chung/chiến lược","","Quảng bá du lịch Vĩnh Long tại Hội chợ Du lịch Quốc tế Việt Nam","https://baovinhlong.com.vn/kinh-te/202604/quang-ba-du-lich-vinh-long-tai-hoi-cho-du-lich-quoc-te-viet-nam-72914bd/"
"2026","2026-04-08","Vĩnh Long; Trà Vinh; Bến Tre","tourism_category","high","Du lịch chung/chiến lược","","Đẩy mạnh liên kết, kiến tạo hành trình du lịch chất lượng","https://baovinhlong.com.vn/xa-hoi/du-lich/202604/day-manh-lien-ket-kien-tao-hanh-trinh-du-lich-chat-luong-65d07fa/"
"2026","2026-04-08","Vĩnh Long","direct_lead","high","Du lịch chung/chiến lược; Văn hóa Khmer - lễ hội","","Vĩnh Long mang sắc màu văn hóa Nam Bộ ra Thủ đô Hà Nội","https://baovinhlong.com.vn/van-hoa-giai-tri/202604/vinh-long-mang-sac-mau-van-hoa-nam-bo-ra-thu-do-ha-noi-f2e3866/"
"2026","2026-04-07","Vĩnh Long; Bến Tre","tourism_category","high","Du lịch chung/chiến lược; Sông nước - miệt vườn; Cộng đồng - nông thôn","Cồn Phụng/Lan Vương/Phú Túc","Ra mắt Chi hội Du lịch xã Phú Túc","https://baovinhlong.com.vn/xa-hoi/du-lich/202604/ra-mat-chi-hoi-du-lich-xa-phu-tuc-d5b32f7/"
"2026","2026-04-05","Vĩnh Long","direct_title","high","Du lịch chung/chiến lược; Sông nước - miệt vườn","","Trưng bày, giới thiệu hơn 1 ngàn ấn phẩm của tỉnh tại Ngày hội Du lịch TP Hồ Chí Minh","https://baovinhlong.com.vn/kinh-te/202604/trung-bay-gioi-thieu-hon-1-ngan-an-pham-cua-tinh-tai-ngay-hoi-du-lich-tp-ho-chi-minh-2e60821/"
"2026","2026-03-31","Vĩnh Long; Bến Tre","tourism_category","high","Du lịch chung/chiến lược","","Tọa đàm “Liên kết, hợp tác phát triển tour - tuyến, sản phẩm du lịch tại Vĩnh Long”","https://baovinhlong.com.vn/xa-hoi/du-lich/202603/toa-dam-lien-ket-hop-tac-phat-trien-tour-tuyen-san-pham-du-lich-tai-vinh-long-1d91728/"
"2026","2026-03-28","Vĩnh Long; Trà Vinh","tourism_category","high","Du lịch chung/chiến lược; Sông nước - miệt vườn","","Tăng cường kết nối quảng bá văn hóa, du lịch","https://baovinhlong.com.vn/xa-hoi/du-lich/202603/tang-cuong-ket-noi-quang-ba-van-hoa-du-lich-9ca1091/"
"2026","2026-03-24","Vĩnh Long","destination_event","medium","Sông nước - miệt vườn; Di tích - bảo tàng - tâm linh","Văn Thánh Miếu","Lễ Xuân Đinh- nét đẹp văn hóa tại di tích Văn Thánh miếu","https://baovinhlong.com.vn/van-hoa-giai-tri/202603/le-xuan-dinh-net-dep-van-hoa-tai-di-tich-van-thanh-mieu-2023470/"
"2026","2026-03-20","Bến Tre","direct_title","high","Du lịch chung/chiến lược; Sông nước - miệt vườn","Bến Tre - xứ Dừa/An Hội","Bồi dưỡng nghiệp vụ du lịch cho công chức xã, phường khu vực Bến Tre","https://baovinhlong.com.vn/xa-hoi/202603/boi-duong-nghiep-vu-du-lich-cho-cong-chuc-xa-phuong-khu-vuc-ben-tre-0301103/"
"2026","2026-03-19","Vĩnh Long; Trà Vinh; Bến Tre","tourism_category","high","Du lịch chung/chiến lược; Sông nước - miệt vườn","","Điểm nhấn hấp dẫn du lịch đường thủy","https://baovinhlong.com.vn/xa-hoi/du-lich/202603/diem-nhan-hap-dan-du-lich-duong-thuy-28331ea/"
"2026","2026-03-04","Vĩnh Long; Trà Vinh","destination_event","medium","Du lịch chung/chiến lược; Sông nước - miệt vườn; Văn hóa Khmer - lễ hội; Di tích - bảo tàng - tâm linh","Ok Om Bok/Khmer","Di sản văn hóa phi vật thể quốc gia- Lễ hội Nguyên Tiêu","https://baovinhlong.com.vn/phong-su-anh/202603/di-san-van-hoa-phi-vat-the-quoc-gia-le-hoi-nguyen-tieu-b955ae0/"
"2026","2026-03-04","Trà Vinh","direct_lead","high","Du lịch chung/chiến lược; Sông nước - miệt vườn; Văn hóa Khmer - lễ hội; Di tích - bảo tàng - tâm linh","Ok Om Bok/Khmer","Phong phú các hoạt động tuần lễ văn hóa xã Đại An","https://baovinhlong.com.vn/van-hoa-giai-tri/202603/phong-phu-cac-hoat-dong-tuan-le-van-hoa-xa-dai-an-c780fe2/"
"2026","2026-03-03","Vĩnh Long; Trà Vinh","destination_event","medium","Du lịch chung/chiến lược; Sông nước - miệt vườn; Văn hóa Khmer - lễ hội; Di tích - bảo tàng - tâm linh","Ok Om Bok/Khmer","Công bố quyết định đưa “Lễ hội Nguyên Tiêu ở Trà Cú” vào danh mục di sản văn hóa phi vật thể quốc gia","https://baovinhlong.com.vn/van-hoa-giai-tri/202603/cong-bo-quyet-dinh-dua-le-hoi-nguyen-tieu-o-tra-cu-vao-danh-muc-di-san-van-hoa-phi-vat-the-quoc-gia-ba52ad3/"
"2026","2026-03-01","Vĩnh Long","tourism_category","high","Du lịch chung/chiến lược","","Đẩy mạnh hoạt động quảng bá, xúc tiến du lịch năm 2026","https://baovinhlong.com.vn/xa-hoi/du-lich/202603/day-manh-hoat-dong-quang-ba-xuc-tien-du-lich-nam-2026-9ba3f28/"
"2026","2026-02-26","Vĩnh Long; Trà Vinh","direct_title","high","Du lịch chung/chiến lược; Sông nước - miệt vườn; Văn hóa Khmer - lễ hội; Di tích - bảo tàng - tâm linh","Ok Om Bok/Khmer","Khai mạc Tuần lễ Văn hóa, Thể thao và Du lịch xã Đại An","https://baovinhlong.com.vn/van-hoa-giai-tri/202602/khai-mac-tuan-le-van-hoa-the-thao-va-du-lich-xa-dai-an-f3a077d/"
"2026","2026-02-25","Trà Vinh","direct_lead","high","Du lịch chung/chiến lược; Sông nước - miệt vườn; Văn hóa Khmer - lễ hội; Di tích - bảo tàng - tâm linh","Ok Om Bok/Khmer","Đại An sẵn sàng vào mùa Lễ hội Nguyên tiêu","https://baovinhlong.com.vn/van-hoa-giai-tri/202602/dai-an-san-sang-vao-mua-le-hoi-nguyen-tieu-91e0433/"
"2026","2026-02-25","Trà Vinh","destination_event","medium","Văn hóa Khmer - lễ hội; Di tích - bảo tàng - tâm linh","Ok Om Bok/Khmer","Độc đáo Lễ hội Nguyên tiêu","https://baovinhlong.com.vn/van-hoa-giai-tri/202602/doc-dao-le-hoi-nguyen-tieu-fd103c9/"
"2026","2026-02-23","Trà Vinh","direct_title","high","Du lịch chung/chiến lược; Sông nước - miệt vườn; Văn hóa Khmer - lễ hội; Di tích - bảo tàng - tâm linh","Ok Om Bok/Khmer","Lễ hội Nguyên tiêu gắn với Tuần lễ Văn hóa, Thể thao và Du lịch xã Đại An diễn ra từ ngày 25/2- 3/3","https://baovinhlong.com.vn/thoi-su/202602/le-hoi-nguyen-tieu-gan-voi-tuan-le-van-hoa-the-thao-va-du-lich-xa-dai-an-dien-ra-tu-ngay-252-33-5ad0467/"
"2026","2026-02-21","Vĩnh Long; Trà Vinh; Bến Tre","tourism_category","high","Du lịch chung/chiến lược; Sông nước - miệt vườn; Di tích - bảo tàng - tâm linh","Cù lao An Bình - Long Hồ","Các khu di tích đón gần 50.000 lượt khách dịp Tết Nguyên đán","https://baovinhlong.com.vn/xa-hoi/du-lich/202602/cac-khu-di-tich-don-tiep-gan-50000-luot-khachdip-tet-nguyen-dan-0c0071f/"
"2026","2026-02-20","Vĩnh Long; Trà Vinh","direct_title","high","Văn hóa Khmer - lễ hội; Di tích - bảo tàng - tâm linh","Ao Bà Om - Chùa Hang; Ok Om Bok/Khmer","Thắng cảnh Ao Bà Om thu hút khách du xuân","https://baovinhlong.com.vn/phong-su-anh/202602/thang-canh-ao-ba-om-thu-hut-khach-du-xuan-3db0b58/"
"2026","2026-02-20","Trà Vinh","tourism_category","high","Du lịch chung/chiến lược; Sông nước - miệt vườn; Biển - sinh thái ven biển","Cù lao An Bình - Long Hồ; Ba Động - Trường Long Hòa","Trên 16.000 lượt khách đến Khu du lịch Biển Ba Động dịp Tết","https://baovinhlong.com.vn/xa-hoi/du-lich/202602/tren-16000-luot-khach-den-khu-du-lich-bien-ba-dong-dip-tet-0620e93/"
"2026","2026-02-19","Vĩnh Long","direct_lead","high","Sông nước - miệt vườn; Làng nghề - di sản nghề; Ẩm thực - đặc sản; Cộng đồng - nông thôn","Cù lao An Bình - Long Hồ","Sắc màu “bản đồ ẩm thực” Vĩnh Long","https://baovinhlong.com.vn/van-hoa-giai-tri/202602/sac-mau-ban-do-am-thuc-vinh-long-c4f07a9/"
"2026","2026-02-17","Vĩnh Long","tourism_category","high","Sông nước - miệt vườn","Cù lao An Bình - Long Hồ","Sông nước miệt vườn An Bình giữ chân du khách","https://baovinhlong.com.vn/xa-hoi/du-lich/202602/song-nuoc-miet-vuon-an-binh-giu-chan-du-khach-c180357/"
"2026","2026-02-16","Vĩnh Long; Trà Vinh","tourism_category","high","Du lịch chung/chiến lược; Sông nước - miệt vườn; Ẩm thực - đặc sản; Cộng đồng - nông thôn","","Du lịch tăng tốc bứt phá với không gian mới","https://baovinhlong.com.vn/xa-hoi/du-lich/202602/du-lich-tang-toc-buc-pha-voi-khong-gian-moi-3d90216/"
"2026","2026-02-10","Trà Vinh","destination_event","medium","Sông nước - miệt vườn; Làng nghề - di sản nghề; Ẩm thực - đặc sản","","Sắc xuân chợ quê","https://baovinhlong.com.vn/nhip-song-dong-bang/202602/sac-xuan-cho-que-c374322/"
"2026","2026-02-09","Bến Tre","destination_event","medium","Sông nước - miệt vườn","Cù lao An Bình - Long Hồ; Bến Tre - xứ Dừa/An Hội","Ngày hội “Chợ nổi - Văn hóa sông nước Nam Bộ”","https://baovinhlong.com.vn/nhip-song-dong-bang/202602/ngay-hoi-cho-noi-van-hoa-song-nuoc-nam-bo-4642f3e/"
"2026","2026-01-30","Vĩnh Long","direct_lead","high","Du lịch chung/chiến lược; Sông nước - miệt vườn; Làng nghề - di sản nghề; Văn hóa Khmer - lễ hội; Ẩm thực - đặc sản","Cù lao An Bình - Long Hồ; Ok Om Bok/Khmer","Mời đến hội chợ Xuân xem livestream bán hàng, trải nghiệm gói bánh tét Trà Cuôn","https://baovinhlong.com.vn/phong-su-anh/202601/moi-den-hoi-cho-xuan-xem-livestream-ban-hang-trai-nghiem-goi-banh-tet-tra-cuon-194357b/"
"2026","2026-01-25","Trà Vinh","direct_title","high","Du lịch chung/chiến lược; Biển - sinh thái ven biển","Ba Động - Trường Long Hòa","Khu du lịch biển Ba Động sẵn sàng đón khách","https://baovinhlong.com.vn/tieu-diem/202601/khu-du-lich-bien-ba-dong-san-sang-don-khach-6131e1a/"
"2026","2026-01-20","Vĩnh Long","destination_event","medium","Di tích - bảo tàng - tâm linh","Lăng Ông Trà Ôn","Tổ chức đặt cây ước nguyện tại Lăng Ông","https://baovinhlong.com.vn/van-hoa-giai-tri/202601/to-chuc-dat-cay-uoc-nguyen-tai-lang-ong-4d140e2/"
"2026","2026-01-11","Bến Tre","destination_event","medium","Sông nước - miệt vườn; Làng nghề - di sản nghề","Chợ Lách - hoa kiểng","Làng nghề cúc mâm xôi Long Thới rộn ràng sắc xuân","https://baovinhlong.com.vn/nhip-song-dong-bang/202601/lang-nghe-cuc-mam-xoi-long-thoi-ron-rang-sac-xuan-97e5de6/"
"2026","2026-01-06","Vĩnh Long; Trà Vinh; Bến Tre","tourism_category","high","Du lịch chung/chiến lược","","Du lịch khởi động năm 2026 với kết quả tích cực","https://baovinhlong.com.vn/xa-hoi/du-lich/202601/du-lich-khoi-dong-nam-2026-voi-ket-qua-tich-cuc-52f005b/"
"2026","2026-01-03","Vĩnh Long","tourism_category","high","Du lịch chung/chiến lược; Sông nước - miệt vườn","Cù lao An Bình - Long Hồ","Nâng chất sản phẩm, dịch vụ du lịch tỉnh","https://baovinhlong.com.vn/xa-hoi/du-lich/202601/nang-chat-san-pham-dich-vu-du-lich-tinh-79835d0/"
"2026","2026-01-01","Vĩnh Long; Bến Tre","tourism_category","high","Du lịch chung/chiến lược; Sông nước - miệt vườn","Cù lao An Bình - Long Hồ","Quảng bá du lịch mừng Đảng, mừng Xuân Bính Ngọ năm 2026","https://baovinhlong.com.vn/xa-hoi/du-lich/202601/quang-ba-du-lich-mung-dang-mung-xuan-binh-ngo-nam-2026-b1a1cde/"
"2025","2025-12-31","Vĩnh Long","direct_title","high","Du lịch chung/chiến lược; Sông nước - miệt vườn; Làng nghề - di sản nghề","","Vĩnh Long phát huy lợi thế du lịch gắn với làng nghề","https://baovinhlong.com.vn/video/202512/vinh-long-phat-huy-loi-the-du-lich-gan-voi-lang-nghe-dea046f/"
"2025","2025-12-30","Vĩnh Long","tourism_category","high","Du lịch chung/chiến lược; Sông nước - miệt vườn; Cộng đồng - nông thôn","","Ra mắt mô hình du lịch cộng đồng Nhị Hòa","https://baovinhlong.com.vn/xa-hoi/du-lich/202512/ra-mat-mo-hinh-du-lich-cong-dong-nhi-hoa-97123f7/"
"2025","2025-12-25","Vĩnh Long","tourism_category","high","Du lịch chung/chiến lược; Sông nước - miệt vườn","Cù lao An Bình - Long Hồ","Xây dựng môi trường du lịch an toàn, chất lượng","https://baovinhlong.com.vn/xa-hoi/du-lich/202512/xay-dung-moi-truong-du-lich-an-toan-chat-luong-4624559/"
"2025","2025-12-23","Vĩnh Long; Trà Vinh; Bến Tre","tourism_category","high","Du lịch chung/chiến lược; Làng nghề - di sản nghề","","Du lịch thúc đẩy bảo tồn và phát huy giá trị làng nghề","https://baovinhlong.com.vn/xa-hoi/du-lich/202512/du-lich-thuc-day-bao-ton-va-phat-huy-gia-tri-lang-nghe-4634462/"
"2025","2025-12-20","Trà Vinh","direct_lead","high","Du lịch chung/chiến lược; Sông nước - miệt vườn; Làng nghề - di sản nghề; Văn hóa Khmer - lễ hội; Ẩm thực - đặc sản; Di tích - bảo tàng - tâm linh; Cộng đồng - nông thôn","Dừa sáp Cầu Kè; Ok Om Bok/Khmer","Dừa sáp trở thành nhịp cầu kết nối văn hóa cộng đồng","https://baovinhlong.com.vn/phong-su-ky-su/202512/dua-sap-tro-thanh-nhip-cau-ket-noi-van-hoa-cong-dong-a104188/"
"2025","2025-12-19","Vĩnh Long","direct_title","high","Du lịch chung/chiến lược; Sông nước - miệt vườn; Cộng đồng - nông thôn","","Nâng cao nghiệp vụ làm du lịch cộng đồng và du lịch đường thủy","https://baovinhlong.com.vn/xa-hoi/202512/nang-cao-nghiep-vu-lam-du-lich-cong-dong-va-du-lich-duong-thuy-7672019/"
"2025","2025-12-18","Vĩnh Long; Bến Tre","tourism_category","high","Du lịch chung/chiến lược; Sông nước - miệt vườn","Bến Tre - xứ Dừa/An Hội; Cồn Phụng/Lan Vương/Phú Túc","Ông Trần Bá Sanh được bầu làm Chủ tịch Hiệp hội Du lịch tỉnh Vĩnh Long nhiệm kỳ 2025–2030","https://baovinhlong.com.vn/xa-hoi/du-lich/202512/ong-tran-ba-sanh-duoc-bau-lam-chu-tich-hiep-hoi-du-lich-tinh-vinh-long-nhiem-ky-20252030-2c7084b/"
"2025","2025-12-14","Vĩnh Long; Trà Vinh","tourism_category","high","Du lịch chung/chiến lược; Sông nước - miệt vườn; Làng nghề - di sản nghề; Văn hóa Khmer - lễ hội; Biển - sinh thái ven biển; Ẩm thực - đặc sản; Di tích - bảo tàng - tâm linh","Dừa sáp Cầu Kè","Công nhận Bảo tàng dừa sáp Trà Vinh- điểm du lịch tiêu biểu ĐBSCL","https://baovinhlong.com.vn/xa-hoi/du-lich/202512/cong-nhan-bao-tang-dua-sap-tra-vinh-diem-du-lich-tieu-bieu-dbscl-52d0937/"
"2025","2025-12-12","Vĩnh Long","direct_title","high","Du lịch chung/chiến lược; Văn hóa Khmer - lễ hội","Ok Om Bok/Khmer","50 học viên dự tập huấn bảo tồn, phát huy giá trị nghệ thuật múa Rô-băm gắn với phát triển du lịch","https://baovinhlong.com.vn/van-hoa-giai-tri/202512/50-hoc-vien-du-tap-huan-bao-ton-phat-huy-gia-tri-nghe-thuat-mua-ro-bam-gan-voi-phat-trien-du-lich-f4b2c97/"
"2025","2025-12-10","Vĩnh Long; Bến Tre","tourism_category","high","Du lịch chung/chiến lược; Làng nghề - di sản nghề; Cộng đồng - nông thôn","","Khảo sát phát triển du lịch làng nghề và du lịch nông nghiệp tại Vĩnh Long","https://baovinhlong.com.vn/xa-hoi/du-lich/202512/khao-sat-phat-trien-du-lich-lang-nghe-va-du-lich-nong-nghiep-tai-vinh-long-8de34c4/"
"2025","2025-12-05","Vĩnh Long; Trà Vinh","tourism_category","high","Du lịch chung/chiến lược; Sông nước - miệt vườn; Biển - sinh thái ven biển","Ba Động - Trường Long Hòa","Thêm cơ hội cho ngành du lịch tỉnh vươn mình","https://baovinhlong.com.vn/xa-hoi/du-lich/202512/them-co-hoi-cho-nganh-du-lich-tinh-vuon-minh-3130a8c/"
"2025","2025-12-01","Vĩnh Long","destination_event","medium","Sông nước - miệt vườn; Làng nghề - di sản nghề","Mang Thít - gạch gốm","Trầm ấm đường gốm đỏ về đêm","https://baovinhlong.com.vn/phong-su-anh/202512/tram-am-duong-gom-do-ve-dem-1345515/"
"2025","2025-11-29","Vĩnh Long; Trà Vinh","tourism_category","high","Du lịch chung/chiến lược; Sông nước - miệt vườn","","Đưa du lịch tỉnh vươn tầm","https://baovinhlong.com.vn/xa-hoi/du-lich/202511/dua-du-lich-tinh-vuon-tam-dde44c2/"
"2025","2025-11-26","Vĩnh Long","tourism_category","high","Du lịch chung/chiến lược","","Trên 30 doanh nghiệp lữ hành quốc tế khảo sát điểm du lịch tiêu biểu tại Vĩnh Long","https://baovinhlong.com.vn/xa-hoi/du-lich/202511/tren-30-doanh-nghiep-lu-hanh-quoc-te-khao-sat-diem-du-lich-tieu-bieu-tai-vinh-long-a1a3dcc/"
"2025","2025-11-24","Vĩnh Long","direct_lead","high","Du lịch chung/chiến lược; Văn hóa Khmer - lễ hội; Di tích - bảo tàng - tâm linh","","Vĩnh Long tham gia Tuần “Đại đoàn kết các dân tộc - Di sản Văn hóa Việt Nam” năm 2025","https://baovinhlong.com.vn/van-hoa-giai-tri/202511/vinh-long-tham-gia-tuan-dai-doan-ket-cac-dan-toc-di-sanvan-hoa-viet-nam-nam-2025-14e25a6/"
"2025","2025-11-21","Vĩnh Long; Trà Vinh; Bến Tre","tourism_category","high","Du lịch chung/chiến lược","","Đẩy mạnh liên kết trong phát triển du lịch","https://baovinhlong.com.vn/xa-hoi/du-lich/202511/day-manh-lien-ket-trong-phat-trien-du-lich-f2c40b6/"
"2025","2025-11-20","Vĩnh Long; Bến Tre","tourism_category","high","Du lịch chung/chiến lược","","Phát triển kết cấu hạ tầng, cơ sở vật chất phát triển du lịch","https://baovinhlong.com.vn/xa-hoi/du-lich/202511/phat-trien-ket-cau-ha-tang-co-so-vat-chat-phat-trien-du-lich-e3116f5/"
"2025","2025-11-19","Vĩnh Long","tourism_category","high","Du lịch chung/chiến lược","","Ký kết hợp tác phát triển du lịch với Đồng Nai, Đồng Tháp và TP Cần Thơ","https://baovinhlong.com.vn/xa-hoi/du-lich/202511/ky-ket-hop-tac-phat-trien-du-lich-voi-dong-nai-dong-thap-va-tp-can-tho-8b83047/"
"2025","2025-11-08","Vĩnh Long; Bến Tre","tourism_category","high","Du lịch chung/chiến lược","","Phát triển du lịch xanh, bền vững trong bối cảnh mới","https://baovinhlong.com.vn/xa-hoi/du-lich/202511/phat-trien-du-lich-xanh-ben-vung-trong-boi-canh-moi-6ff13aa/"
"2025","2025-11-06","Vĩnh Long; Trà Vinh","destination_event","medium","Văn hóa Khmer - lễ hội; Di tích - bảo tàng - tâm linh","Ao Bà Om - Chùa Hang; Ok Om Bok/Khmer","Đặc sắc đêm hội Ok Om Bok","https://baovinhlong.com.vn/phong-su-anh/202511/dac-sac-dem-hoi-ok-om-bok-4aa14cb/"
"2025","2025-11-06","Trà Vinh","direct_lead","high","Du lịch chung/chiến lược; Văn hóa Khmer - lễ hội; Di tích - bảo tàng - tâm linh","Ao Bà Om - Chùa Hang; Ok Om Bok/Khmer","Ngân vang làn điệu âm nhạc dân tộc Khmer","https://baovinhlong.com.vn/van-hoa-giai-tri/202511/ngan-vang-lan-dieu-am-nhac-dan-toc-khmer-f330f03/"
"2025","2025-11-05","Vĩnh Long; Trà Vinh; Bến Tre","tourism_category","high","Du lịch chung/chiến lược; Sông nước - miệt vườn","","Đoàn công tác Cục Du lịch quốc gia về phát triển du lịch làm việc tại tỉnh","https://baovinhlong.com.vn/xa-hoi/du-lich/202511/doan-cong-tac-cuc-du-lich-quoc-gia-ve-phat-trien-du-lich-lam-viec-tai-tinh-5e60425/"
"2025","2025-11-05","Vĩnh Long; Trà Vinh","destination_event","medium","Văn hóa Khmer - lễ hội; Di tích - bảo tàng - tâm linh","Ao Bà Om - Chùa Hang; Ok Om Bok/Khmer","Rộn ràng đêm hội Ok Om Bok tỉnh Vĩnh Long 2025","https://baovinhlong.com.vn/van-hoa-giai-tri/202511/ron-rang-dem-hoi-ok-om-bok-tinh-vinh-long-2025-78e07a6/"
"2025","2025-11-03","Vĩnh Long; Trà Vinh","tourism_category","high","Du lịch chung/chiến lược; Làng nghề - di sản nghề; Ẩm thực - đặc sản; Di tích - bảo tàng - tâm linh","Dừa sáp Cầu Kè","Khảo sát, thẩm định 2 điểm du lịch tiêu biểu Đồng bằng sông Cửu Long tại tỉnh","https://baovinhlong.com.vn/xa-hoi/du-lich/202511/khao-sat-tham-dinh-2-diem-du-lich-tieu-bieu-dong-bang-song-cuu-long-tai-tinh-ae603ef/"
"2025","2025-11-01","Vĩnh Long; Trà Vinh","direct_lead","high","Du lịch chung/chiến lược; Văn hóa Khmer - lễ hội; Di tích - bảo tàng - tâm linh","Ao Bà Om - Chùa Hang; Ok Om Bok/Khmer","12 đoàn tham gia Hội thi trình diễn nhạc cụ chào mừng Lễ hội Ok Om Bok","https://baovinhlong.com.vn/van-hoa-giai-tri/202511/12-doan-tham-gia-hoi-thi-trinh-dien-nhac-cu-chao-mung-le-hoi-ok-om-bok-9260beb/"
"2025","2025-11-01","Vĩnh Long","direct_lead","high","Du lịch chung/chiến lược; Sông nước - miệt vườn","Cù lao An Bình - Long Hồ","Trải nghiệm miệt vườn sông nước ở cù lao An Bình","https://baovinhlong.com.vn/nhip-song-dong-bang/202511/trai-nghiem-miet-vuon-song-nuoc-o-cu-lao-an-binh-34a03cf/"
"2025","2025-10-31","Vĩnh Long; Trà Vinh","direct_lead","high","Du lịch chung/chiến lược; Sông nước - miệt vườn; Văn hóa Khmer - lễ hội; Di tích - bảo tàng - tâm linh","Ok Om Bok/Khmer","Đặc sắc chương trình nghệ thuật chào mừng Lễ hội Ok Om Bok","https://baovinhlong.com.vn/phong-su-anh/202510/dac-sac-chuong-trinh-nghe-thuat-chao-mung-le-hoi-ok-om-bok-afc0c63/"
"2025","2025-10-30","Trà Vinh","direct_title","high","Du lịch chung/chiến lược; Sông nước - miệt vườn; Ẩm thực - đặc sản; Cộng đồng - nông thôn","","Khai mạc chuỗi hoạt động tại Tuần lễ Văn hóa, Thể thao và Du lịch","https://baovinhlong.com.vn/van-hoa-giai-tri/202510/khai-mac-chuoi-hoat-dong-tai-tuan-le-van-hoa-the-thao-va-du-lich-3d53b74/"
"2025","2025-10-30","Vĩnh Long; Trà Vinh","direct_title","high","Du lịch chung/chiến lược; Sông nước - miệt vườn; Văn hóa Khmer - lễ hội; Di tích - bảo tàng - tâm linh","Ok Om Bok/Khmer","Vĩnh Long khai mạc Tuần lễ Văn hóa, Thể thao và Du lịch chào mừng Lễ hội Ok Om Bok","https://baovinhlong.com.vn/thoi-su/202510/vinh-long-khai-mac-tuan-le-van-hoa-the-thao-va-du-lich-chao-mung-le-hoi-ok-om-bok-88b42e3/"
"2025","2025-10-29","Vĩnh Long","tourism_category","high","Du lịch chung/chiến lược","","Cải thiện chất lượng nguồn nhân lực du lịch","https://baovinhlong.com.vn/xa-hoi/du-lich/202510/cai-thien-chat-luong-nguon-nhan-luc-du-lich-0c33912/"
"2025","2025-10-29","Vĩnh Long","destination_event","medium","Sông nước - miệt vườn; Văn hóa Khmer - lễ hội; Di tích - bảo tàng - tâm linh","Ok Om Bok/Khmer","Lễ hội Ok Om Bok: Giữ gìn và lan tỏa giá trị văn hóa Khmer","https://baovinhlong.com.vn/nhip-song-dong-bang/202510/le-hoi-ok-om-bok-giu-gin-va-lan-toa-gia-tri-van-hoa-khmer-dd830aa/"
"2025","2025-10-29","Vĩnh Long","direct_title","high","Du lịch chung/chiến lược","","Phát triển văn hóa gắn với du lịch xanh hướng đến phát triển bền vững trong giai đoạn tới","https://baovinhlong.com.vn/chinh-tri/202510/phat-trien-van-hoa-gan-voi-du-lich-xanh-huong-den-phat-trien-ben-vung-trong-giai-doan-toi-37a24b3/"
"2025","2025-10-28","Vĩnh Long","destination_event","medium","Văn hóa Khmer - lễ hội; Di tích - bảo tàng - tâm linh","Ok Om Bok/Khmer","Độc đáo sắc màu Lễ hội Kathina ở Vĩnh Long","https://baovinhlong.com.vn/multimedia/202510/doc-dao-sac-mau-le-hoi-kathina-o-vinh-long-0b12ba1/"
"2025","2025-10-27","Vĩnh Long","direct_title","high","Du lịch chung/chiến lược; Sông nước - miệt vườn; Văn hóa Khmer - lễ hội; Di tích - bảo tàng - tâm linh","Ok Om Bok/Khmer","Kiểm tra công tác chuẩn bị Tuần lễ Văn hóa, Thể thao và Du lịch chào mừng Lễ hội Ok Om Bok năm 2025","https://baovinhlong.com.vn/thoi-su/202510/kiem-tra-cong-tac-chuan-bi-tuan-le-van-hoa-the-thao-va-du-lich-chao-mung-le-hoi-ok-om-bok-nam-2025-31e32d9/"
"2025","2025-10-26","Bến Tre","direct_title","high","Du lịch chung/chiến lược; Làng nghề - di sản nghề","Chợ Lách - hoa kiểng","Kiến tạo không gian đặc trưng Làng văn hóa du lịch Chợ Lách","https://baovinhlong.com.vn/xa-hoi/202510/kien-tao-khong-gian-dac-trung-lang-van-hoa-du-lich-cho-lach-33703b3/"
"2025","2025-10-23","Vĩnh Long","direct_lead","high","Du lịch chung/chiến lược; Văn hóa Khmer - lễ hội; Di tích - bảo tàng - tâm linh","Ok Om Bok/Khmer","[Infographic] Các hoạt động chào mừng Lễ hội Ok Om Bok năm 2025 tại tỉnh Vĩnh Long","https://baovinhlong.com.vn/tin-moi/202510/infographic-cac-hoat-dong-chao-mung-le-hoi-ok-om-bok-nam-2025-tai-tinh-vinh-long-77d07db/"
"2025","2025-10-20","Trà Vinh","direct_lead","high","Du lịch chung/chiến lược; Văn hóa Khmer - lễ hội; Di tích - bảo tàng - tâm linh","Ao Bà Om - Chùa Hang; Ok Om Bok/Khmer","Triển lãm, trưng bày các sản phẩm của đồng bào dân tộc Khmer","https://baovinhlong.com.vn/van-hoa-giai-tri/202510/trien-lam-trung-bay-cac-san-pham-cua-dong-bao-dan-toc-khmer-0ae4819/"
"2025","2025-10-14","Vĩnh Long","tourism_category","high","Du lịch chung/chiến lược","","Đón gần 7 triệu lượt du khách trong 9 tháng","https://baovinhlong.com.vn/xa-hoi/du-lich/202510/don-gan-7-trieu-luot-du-khach-trong-9-thang-5c73188/"
"2025","2025-10-14","Vĩnh Long","direct_title","high","Du lịch chung/chiến lược; Sông nước - miệt vườn; Làng nghề - di sản nghề; Cộng đồng - nông thôn","","Làng nghề - mắt xích quan trọng phát triển du lịch đường sông tỉnh Vĩnh Long","https://baovinhlong.com.vn/video/202510/lang-nghe-mat-xich-quan-trong-phat-trien-du-lich-duong-song-tinh-vinh-long-9500d8a/"
"2025","2025-10-10","Bến Tre","direct_title","high","Du lịch chung/chiến lược; Sông nước - miệt vườn; Làng nghề - di sản nghề","Chợ Lách - hoa kiểng","Chợ Lách tập trung phát triển các làng nghề truyền thống gắn với du lịch","https://baovinhlong.com.vn/kinh-te/202510/cho-lach-tap-trung-phat-trien-cac-lang-nghe-truyen-thong-gan-voi-du-lich-dec2d84/"
"2025","2025-10-10","Vĩnh Long","direct_title","high","Du lịch chung/chiến lược; Làng nghề - di sản nghề; Di tích - bảo tàng - tâm linh","","Kỳ 3: Hướng đến “đô thị đa cực”, du lịch trở thành ngành kinh tế mũi nhọn","https://baovinhlong.com.vn/kinh-te/202510/kien-tao-khong-gian-moi-khai-mo-tiem-nang-phat-trien-ky-3huong-den-do-thi-da-cuc-du-lich-tro-thanh-nganh-kinh-te-mui-nhon-0120585/"
"2025","2025-10-06","Trà Vinh","direct_title","high","Du lịch chung/chiến lược; Sông nước - miệt vườn; Biển - sinh thái ven biển; Cộng đồng - nông thôn","Cù lao An Bình - Long Hồ; Ba Động - Trường Long Hòa","Phường Trường Long Hòa tập trung phát triển nông nghiệp, thủy sản, thương mại và du lịch","https://baovinhlong.com.vn/chinh-tri/202510/phuong-truong-long-hoa-tap-trung-phat-trien-nong-nghiep-thuy-san-thuong-mai-va-du-lich-a671b47/"
"2025","2025-10-03","Vĩnh Long; Trà Vinh; Bến Tre","tourism_category","high","Du lịch chung/chiến lược; Ẩm thực - đặc sản","","Khai thác thế mạnh ẩm thực phục vụ du lịch","https://baovinhlong.com.vn/xa-hoi/du-lich/202510/khai-thac-the-manh-am-thuc-phuc-vu-du-lich-10907f4/"
"2025","2025-10-02","Vĩnh Long","direct_title","high","Du lịch chung/chiến lược; Sông nước - miệt vườn; Ẩm thực - đặc sản; Cộng đồng - nông thôn","","Đưa du lịch từng bước trở thành ngành kinh tế mũi nhọn","https://baovinhlong.com.vn/nhip-song-dong-bang/202510/dua-du-lich-tung-buoc-tro-thanh-nganh-kinh-te-mui-nhon-3cc0e4c/"
"2025","2025-09-29","Vĩnh Long","tourism_category","high","Du lịch chung/chiến lược; Sông nước - miệt vườn","","Vinh danh những đại sứ thương hiệu du lịch","https://baovinhlong.com.vn/xa-hoi/du-lich/202509/vinh-danh-nhung-dai-su-thuong-hieu-du-lich-0fa3283/"
"2025","2025-09-26","Vĩnh Long","direct_title","high","Du lịch chung/chiến lược; Sông nước - miệt vườn; Biển - sinh thái ven biển","","Thế mạnh đường sông – Dư địa phát triển du lịch Vĩnh Long sau hợp nhất","https://baovinhlong.com.vn/video/202509/the-manh-duong-song-du-dia-phat-trien-du-lich-vinh-long-sau-hop-nhat-c861db5/"
"2025","2025-09-26","Vĩnh Long","tourism_category","high","Du lịch chung/chiến lược; Sông nước - miệt vườn","","Toạ đàm về củng cố và hoàn thiện tuyến, điểm sản phẩm du lịch đường sông","https://baovinhlong.com.vn/xa-hoi/du-lich/202509/toa-dam-ve-cung-co-va-hoan-thien-tuyen-diem-san-pham-du-lich-duong-song-fc91905/"
"2025","2025-09-25","Vĩnh Long","tourism_category","high","Du lịch chung/chiến lược; Sông nước - miệt vườn","","Tổ chức Famtrip khảo sát sản phẩm du lịch đường sông tại Vĩnh Long","https://baovinhlong.com.vn/xa-hoi/du-lich/202509/to-chuc-famtrip-khao-sat-san-pham-du-lich-duong-song-tai-vinh-long-18531dc/"
"2025","2025-09-23","Vĩnh Long; Bến Tre","tourism_category","high","Du lịch chung/chiến lược","","Phấn đấu 3 tháng cuối năm thu hút hơn 2,2 triệu lượt du khách","https://baovinhlong.com.vn/xa-hoi/du-lich/202509/phan-dau-3-thang-cuoi-nam-thu-hut-hon-22-trieu-luot-du-khach-25e03a7/"
"2025","2025-09-19","Vĩnh Long; Trà Vinh; Bến Tre","tourism_category","high","Du lịch chung/chiến lược; Sông nước - miệt vườn; Văn hóa Khmer - lễ hội","Dừa sáp Cầu Kè","Tọa đàm kết nối du lịch phía Đông sông Hậu","https://baovinhlong.com.vn/xa-hoi/du-lich/202509/toa-dam-ket-noi-du-lich-phia-dong-song-hau-7072f7c/"
"2025","2025-09-16","Vĩnh Long","direct_lead","high","Sông nước - miệt vườn; Làng nghề - di sản nghề; Ẩm thực - đặc sản","","Về Cái Vồn thưởng thức đặc sản bên sông Hậu","https://baovinhlong.com.vn/vinh-long-dat-nuoc-con-nguoi/202509/ve-cai-von-thuong-thuc-dac-san-ben-song-hau-6fe03cd/"
"2025","2025-09-14","Trà Vinh","direct_lead","high","Du lịch chung/chiến lược; Văn hóa Khmer - lễ hội; Ẩm thực - đặc sản","Dừa sáp Cầu Kè; Ok Om Bok/Khmer","Khai mạc Tuần lễ Vu lan Thắng hội tại xã Cầu Kè","https://baovinhlong.com.vn/xa-hoi/202509/khai-mac-tuan-le-vu-lan-thang-hoi-tai-xa-cau-ke-f3306db/"
"2025","2025-09-12","Vĩnh Long; Trà Vinh","tourism_category","high","Du lịch chung/chiến lược; Văn hóa Khmer - lễ hội; Ẩm thực - đặc sản","Dừa sáp Cầu Kè; Ok Om Bok/Khmer","Tuần lễ Vu lan Thắng hội diễn ra từ ngày 13-19/9","https://baovinhlong.com.vn/xa-hoi/du-lich/202509/tuan-le-vu-lan-thang-hoi-dien-ra-tu-ngay-13-199-7fe1191/"
"2025","2025-09-07","Vĩnh Long","tourism_category","high","Du lịch chung/chiến lược","","Quảng bá du lịch Vĩnh Long tại Hội chợ Du lịch quốc tế TP Hồ Chí Minh","https://baovinhlong.com.vn/xa-hoi/du-lich/202509/quang-ba-du-lich-vinh-long-tai-hoi-cho-du-lich-quoc-te-tp-ho-chi-minh-44d03c8/"
"2025","2025-09-04","Vĩnh Long","direct_title","high","Du lịch chung/chiến lược","","Du lịch đón tín hiệu khả quan từ kỳ nghỉ lễ","https://baovinhlong.com.vn/xa-hoi/202509/du-lich-don-tin-hieu-kha-quan-tu-ky-nghi-le-a1809c7/"
"2025","2025-09-03","Vĩnh Long","tourism_category","high","Du lịch chung/chiến lược; Biển - sinh thái ven biển; Cộng đồng - nông thôn","","Nhơn Phú đẩy mạnh phát triển du lịch gắn với nông nghiệp","https://baovinhlong.com.vn/xa-hoi/du-lich/202509/nhon-phu-day-manh-phat-trien-du-lich-gan-voi-nong-nghiep-a1c12d7/"
"2025","2025-09-01","Vĩnh Long","destination_event","medium","Sông nước - miệt vườn; Văn hóa Khmer - lễ hội; Di tích - bảo tàng - tâm linh","Văn Thánh Miếu","Văn Thánh miếu- Lưu giữ vẻ đẹp truyền thống của dân tộc","https://baovinhlong.com.vn/van-hoa-giai-tri/202509/van-thanh-mieu-luu-giu-ve-dep-truyen-thong-cua-dan-toc-7e21432/"
"2025","2025-08-28","Vĩnh Long","direct_title","high","Du lịch chung/chiến lược; Sông nước - miệt vườn; Làng nghề - di sản nghề; Cộng đồng - nông thôn","Mang Thít - gạch gốm","Nhơn Phú phát triển dịch vụ du lịch gắn với “Khu lò gạch, gốm Mang Thít”","https://baovinhlong.com.vn/chinh-tri/202508/nhon-phu-phat-trien-dich-vu-du-lich-gan-voi-khu-lo-gach-gom-mang-thit-f2e2796/"
"2025","2025-08-27","Vĩnh Long","destination_event","medium","Di tích - bảo tàng - tâm linh","Văn Thánh Miếu","Văn Thánh Miếu tổ chức lễ giỗ lần thứ 158 cụ Phan Thanh Giản","https://baovinhlong.com.vn/van-hoa-giai-tri/202508/van-thanh-mieu-to-chuc-le-gio-lan-thu-158-cu-phan-thanh-gian-b9e2695/"
"2025","2025-08-26","Vĩnh Long","direct_lead","high","Du lịch chung/chiến lược; Biển - sinh thái ven biển; Ẩm thực - đặc sản","","Kết nối các vùng ven biển, tạo không gian phát triển mới","https://baovinhlong.com.vn/kinh-te/202508/ket-noi-cac-vung-ven-bien-tao-khong-gian-phat-trien-moi-61515a4/"
"2025","2025-08-26","Vĩnh Long; Trà Vinh; Bến Tre","tourism_category","high","Du lịch chung/chiến lược","","Ngành du lịch tỉnh chuẩn bị đón du khách dịp lễ 2/9","https://baovinhlong.com.vn/xa-hoi/du-lich/202508/nganh-du-lich-tinh-chuan-bi-don-du-khach-dip-le-29-70b1669/"
"2025","2025-08-25","Vĩnh Long","direct_title","high","Du lịch chung/chiến lược","","Du lịch Vĩnh Long chuẩn bị phục vụ lễ 2/9","https://baovinhlong.com.vn/video/202508/du-lich-vinh-long-chuan-bi-phuc-vu-le-29-10e2e61/"
"2025","2025-08-25","Vĩnh Long","tourism_category","high","Du lịch chung/chiến lược","","Ngành du lịch chuẩn bị đón khách dịp lễ 2/9","https://baovinhlong.com.vn/xa-hoi/du-lich/202508/nganh-du-lich-chuan-bi-don-khach-dip-le-29-c0a13a1/"
"2025","2025-08-24","Vĩnh Long","direct_lead","high","Du lịch chung/chiến lược; Sông nước - miệt vườn; Làng nghề - di sản nghề","Mang Thít - gạch gốm","Sức sống mới từ những lò gạch cũ","https://baovinhlong.com.vn/nhip-song-dong-bang/202508/suc-song-moi-tu-nhung-lo-gach-cu-be712da/"
"2025","2025-08-15","Trà Vinh","tourism_category","high","Du lịch chung/chiến lược; Sông nước - miệt vườn; Cộng đồng - nông thôn","","Hòa Minh hướng tới xã nông thôn mới kiểu mẫu về du lịch","https://baovinhlong.com.vn/xa-hoi/du-lich/202508/hoa-minh-huong-toi-xa-nong-thon-moi-kieu-mau-ve-du-lich-432130e/"
"2025","2025-08-08","Vĩnh Long","direct_title","high","Du lịch chung/chiến lược; Biển - sinh thái ven biển","","Cần nghị quyết chuyên đề về du lịch, xây dựng và phát triển Vĩnh Long thành tỉnh khá khu vực","https://baovinhlong.com.vn/chinh-tri/202508/dong-gop-du-thao-van-kien-dai-hoi-dang-bo-tinh-vinh-long-nhiem-ky-2025-2030-can-nghi-quyet-chuyen-de-ve-du-lich-xay-dung-va-phat-trien-vinh-long-thanh-tinh-kha-khu-vuc-6c7073c/"
"2025","2025-08-06","Vĩnh Long","direct_title","high","Du lịch chung/chiến lược; Sông nước - miệt vườn","","Đờn ca tài tử, hát bội tạo sức hút cho du lịch Vĩnh Long","https://baovinhlong.com.vn/van-hoa-giai-tri/202508/don-ca-tai-tu-hat-boi-tao-suc-hut-cho-du-lich-vinh-long-25512e5/"
"2025","2025-08-03","Vĩnh Long","direct_lead","high","Du lịch chung/chiến lược; Sông nước - miệt vườn; Cộng đồng - nông thôn","Cù lao An Bình - Long Hồ","Cù lao An Bình hướng tới nuôi thủy sản công nghệ cao","https://baovinhlong.com.vn/kinh-te/202508/cu-lao-an-binh-huong-toi-nuoi-thuy-san-cong-nghe-cao-ef82631/"
"2025","2025-07-29","Vĩnh Long; Bến Tre","tourism_category","high","Du lịch chung/chiến lược","","Vĩnh Long đón gần 6 triệu du khách trong 7 tháng","https://baovinhlong.com.vn/xa-hoi/du-lich/202507/vinh-long-don-gan-6-trieu-du-khach-trong-7-thang-29716cb/"
"2025","2025-07-19","Vĩnh Long; Trà Vinh; Bến Tre","tourism_category","high","Du lịch chung/chiến lược","","Nhiều hoạt động thúc đẩy du lịch phát triển","https://baovinhlong.com.vn/xa-hoi/du-lich/202507/nhieu-hoat-dong-thuc-day-du-lich-phat-trien-c800851/"
"2025","2025-07-17","Vĩnh Long","direct_title","high","Du lịch chung/chiến lược","","Phát huy thế mạnh văn hóa, thể thao, du lịch Vĩnh Long sau sáp nhập","https://baovinhlong.com.vn/thoi-su/202507/phat-huy-the-manh-van-hoa-the-thao-du-lich-vinh-long-sau-sap-nhap-20548b8/"
"2025","2025-07-16","Vĩnh Long","direct_title","high","Du lịch chung/chiến lược; Sông nước - miệt vườn","","Vĩnh Long có 11 điểm du lịch tiêu biểu khu vực năm 2025","https://baovinhlong.com.vn/nhip-song-dong-bang/202507/vinh-long-co-11-diem-du-lich-tieu-bieu-khu-vuc-nam-2025-341183a/"
"2025","2025-07-15","Vĩnh Long; Trà Vinh; Bến Tre","tourism_category","high","Du lịch chung/chiến lược","Bến Tre - xứ Dừa/An Hội","Họp mặt kỷ niệm 65 năm Ngày thành lập ngành Du lịch Việt Nam","https://baovinhlong.com.vn/xa-hoi/du-lich/202507/hop-mat-ky-niem-65-nam-ngay-thanh-lap-nganh-du-lich-viet-nam-b4f2bfc/"
"2025","2025-07-12","Vĩnh Long","direct_title","high","Du lịch chung/chiến lược; Sông nước - miệt vườn; Cộng đồng - nông thôn","","Du lịch xanh- hướng phát triển bền vững","https://baovinhlong.com.vn/nhip-song-dong-bang/202507/du-lich-xanh-huong-phat-trien-ben-vung-66305c3/"
"2025","2025-06-24","Vĩnh Long","tourism_category","high","Du lịch chung/chiến lược","","6 tháng: Vĩnh Long đón 1,2 triệu lượt khách du lịch","https://baovinhlong.com.vn/xa-hoi/du-lich/202506/6-thang-vinh-long-don-12-trieu-luot-khach-du-lich-6b20d96/"
"2025","2025-06-19","Bến Tre","direct_title","high","Du lịch chung/chiến lược; Ẩm thực - đặc sản","Bến Tre - xứ Dừa/An Hội","Ngành du lịch xứ Dừa tiếp tục tăng trưởng cao","https://baovinhlong.com.vn/nhip-song-dong-bang/202506/nganh-du-lich-xu-dua-tiep-tuc-tang-truong-cao-99e1a81/"
"2025","2025-06-15","Vĩnh Long; Trà Vinh; Bến Tre","tourism_category","high","Du lịch chung/chiến lược; Sông nước - miệt vườn","","Khảo sát, thẩm định để tái công nhận điểm du lịch tiêu biểu ĐBSCL","https://baovinhlong.com.vn/xa-hoi/du-lich/202506/khao-sat-tham-dinh-de-tai-cong-nhan-diem-du-lich-tieu-bieu-dbscl-9f4007b/"
"2025","2025-06-10","Vĩnh Long","tourism_category","high","Du lịch chung/chiến lược; Sông nước - miệt vườn; Cộng đồng - nông thôn","","Phát triển du lịch nông thôn trong xây dựng nông thôn mới","https://baovinhlong.com.vn/xa-hoi/du-lich/202506/phat-trien-du-lich-nong-thon-trong-xay-dung-nong-thon-moi-d960bbc/"
"2025","2025-06-08","Vĩnh Long","destination_event","medium","Biển - sinh thái ven biển","Mang Thít - gạch gốm","Dấu ấn trăm năm gốm Nam Bộ","https://baovinhlong.com.vn/nhip-song-dong-bang/202506/dau-an-tram-nam-gom-nam-bo-e710c82/"
"2025","2025-06-06","Vĩnh Long; Bến Tre","tourism_category","high","Du lịch chung/chiến lược; Sông nước - miệt vườn; Di tích - bảo tàng - tâm linh","","Đầu tư cơ sở hạ tầng phục vụ phát triển du lịch","https://baovinhlong.com.vn/xa-hoi/du-lich/202506/dau-tu-co-so-ha-tang-phuc-vu-phat-trien-du-lich-7560f13/"
"2025","2025-06-03","Vĩnh Long","direct_title","high","Du lịch chung/chiến lược","","Hơn 2.000 tỷ đồng đầu tư dự án khu thương mại- dịch vụ- du lịch Mỹ Thuận","https://baovinhlong.com.vn/kinh-te/202506/hon-2000-ty-dong-dau-tu-du-ankhu-thuong-mai-dich-vu-du-lich-my-thuan-c300009/"
"2025","2025-05-20","Vĩnh Long; Bến Tre","tourism_category","high","Du lịch chung/chiến lược","","Tìm nét riêng hấp dẫn của du lịch Vĩnh Long","https://baovinhlong.com.vn/xa-hoi/du-lich/202505/tim-net-rieng-hap-dan-cua-du-lich-vinh-long-4d23014/"
"2025","2025-05-17","Vĩnh Long","direct_title","high","Du lịch chung/chiến lược","","Khai thác hiệu quả sản phẩm du lịch đặc thù thu hút du khách","https://baovinhlong.com.vn/tin-moi/202505/khai-thac-hieu-qua-san-pham-du-lich-dac-thuthu-hut-du-khach-ff9072f/"
"2025","2025-05-13","Vĩnh Long; Trà Vinh; Bến Tre","direct_title","high","Du lịch chung/chiến lược","Bến Tre - xứ Dừa/An Hội","Cơ hội làm mới thương hiệu du lịch","https://baovinhlong.com.vn/tin-moi/202505/co-hoi-lam-moi-thuong-hieu-du-lich-acb019e/"
"2025","2025-05-03","Vĩnh Long","direct_lead","high","Du lịch chung/chiến lược","","Gìn giữ bản sắc văn hóa và khát vọng vươn xa","https://baovinhlong.com.vn/tin-moi/202505/gin-giu-ban-sac-van-hoa-va-khat-vong-vuon-xa-50d005e/"
"2025","2025-05-02","Vĩnh Long","direct_title","high","Du lịch chung/chiến lược","","Bế mạc Tuần lễ Văn hóa, Thể thao và Du lịch tỉnh Vĩnh Long 2025: Thu hút hơn 97.000 lượt khách tham quan","https://baovinhlong.com.vn/tin-moi/202505/be-mac-tuan-le-van-hoa-the-thao-va-du-lich-tinh-vinh-long-2025-thu-hut-hon-97000-luot-khach-tham-quan-7163da1/"
"2025","2025-05-02","Vĩnh Long","direct_lead","high","Du lịch chung/chiến lược; Sông nước - miệt vườn; Làng nghề - di sản nghề; Ẩm thực - đặc sản","Cù lao An Bình - Long Hồ","Đông đảo người dân tham gia Ngày hội Bánh dân gian ở cù lao An Bình","https://baovinhlong.com.vn/tin-moi/202505/dong-dao-nguoi-dan-tham-gia-ngay-hoi-banh-dan-gian-o-cu-lao-an-binh-3331393/"
"2025","2025-05-02","Vĩnh Long","direct_lead","high","Di tích - bảo tàng - tâm linh","","Vĩnh Long - Sắc màu hội tụ - Khát vọng vươn xa","https://baovinhlong.com.vn/tin-moi/202505/vinh-long-sac-mau-hoi-tu-khat-vong-vuon-xa-4ad0aa8/"
"2025","2025-05-01","Vĩnh Long","direct_title","high","Du lịch chung/chiến lược","","Tuần lễ văn hóa- “đòn bẩy” kích cầu du lịch","https://baovinhlong.com.vn/kinh-te/202505/blog-thi-truong-tuan-le-van-hoa-don-bay-kich-cau-du-lich-79103bb/"
"2025","2025-04-30","Vĩnh Long","tourism_category","high","Du lịch chung/chiến lược; Sông nước - miệt vườn","","Công ty Du Lịch Quốc tế Vĩnh Long: đồng hành cùng Tuần Văn hóa, Thể thao và Du lịch tỉnh Vĩnh Long 2025","https://baovinhlong.com.vn/xa-hoi/du-lich/202504/cong-ty-du-lich-quoc-te-vinh-long-dong-hanh-cung-tuan-van-hoa-the-thao-va-du-lich-tinh-vinh-long-2025-62d04b0/"
"2025","2025-04-30","Vĩnh Long","direct_lead","high","Du lịch chung/chiến lược","","Gần 200 VĐV tranh tài Giải Vô địch đua ghe tam bản tỉnh Vĩnh Long","https://baovinhlong.com.vn/tieu-diem/202504/gan-200-vdv-tranh-tai-giai-vo-dich-dua-ghe-tam-ban-tinh-vinh-long-3dc0604/"
"2025","2025-04-29","Vĩnh Long","direct_title","high","Du lịch chung/chiến lược; Làng nghề - di sản nghề; Di tích - bảo tàng - tâm linh","Mang Thít - gạch gốm","“Famtrip quảng bá tour du lịch đến với di sản Mang Thít”","https://baovinhlong.com.vn/tin-moi/202504/famtrip-quang-ba-tour-du-lich-den-voi-di-san-mang-thit-1bf02b5/"
"2025","2025-04-29","Vĩnh Long","direct_title","high","Du lịch chung/chiến lược","","Pháo hoa rực sáng khai mạc “Tuần lễ Văn hóa, Thể thao và Du lịch tỉnh Vĩnh Long năm 2025”","https://baovinhlong.com.vn/tin-moi/202504/20-gio-toi-nay-thvl2-se-truc-tiep-khai-mac-tuan-le-van-hoa-the-thao-va-du-lich-tinh-vinh-long-nam-2025-37e087f/"
"2025","2025-04-26","Vĩnh Long","direct_lead","high","Du lịch chung/chiến lược","","Gần 150 VĐV tranh tài Giải Vô địch xe đạp tỉnh Vĩnh Long mở rộng","https://baovinhlong.com.vn/tin-moi/202504/gan-150-vdv-tranh-tai-giai-vo-dich-xe-dap-tinh-vinh-long-mo-rong-c1901db/"
"2025","2025-04-26","Vĩnh Long","direct_lead","high","Du lịch chung/chiến lược","","Sôi nổi Giải Vô địch xe đạp tỉnh Vĩnh Long mở rộng","https://baovinhlong.com.vn/phong-su-anh/202504/soi-noi-giai-vo-dich-xe-dap-tinh-vinh-long-mo-rong-9b00ad6/"
"2025","2025-04-25","Vĩnh Long","direct_title","high","Du lịch chung/chiến lược","","Tuần lễ Văn hóa, thể thao và Du lịch: Hứa hẹn bản sắc, an toàn, hấp dẫn","https://baovinhlong.com.vn/tin-moi/202504/tuan-le-van-hoa-the-thao-va-du-lich-hua-hen-ban-sac-an-toan-hap-dan-05709a1/"
"2025","2025-04-19","Vĩnh Long","direct_title","high","Du lịch chung/chiến lược; Sông nước - miệt vườn; Làng nghề - di sản nghề; Biển - sinh thái ven biển; Ẩm thực - đặc sản; Cộng đồng - nông thôn","Cù lao An Bình - Long Hồ","Hàng ngàn du khách thích thú tham gia chương trình quảng diễn tại Ngày hội Bánh dân gian Nam Bộ","https://baovinhlong.com.vn/tin-moi/202504/hang-ngan-du-khach-thich-thu-tham-gia-chuong-trinh-quang-dien-tai-ngay-hoi-banh-dan-gian-nam-bo-42e3bbd/"
"2025","2025-04-16","Vĩnh Long","direct_title","high","Du lịch chung/chiến lược; Sông nước - miệt vườn","","Triển khai phương án bảo vệ an ninh trật tự Tuần lễ Văn hóa, thể thao và du lịch tỉnh và các hoạt động dịp lễ 30/4","https://baovinhlong.com.vn/phap-luat/202504/trien-khai-phuong-an-bao-ve-an-ninhtrat-tu-tuan-le-van-hoa-the-thaova-du-lich-tinh-va-cac-hoat-dong-dip-le-304-2360c31/"
"2025","2025-04-12","Vĩnh Long","direct_lead","high","Du lịch chung/chiến lược; Sông nước - miệt vườn; Ẩm thực - đặc sản; Di tích - bảo tàng - tâm linh","","Tìm hương sắc riêng giữa miền sông nước","https://baovinhlong.com.vn/tin-moi/202504/tim-huong-sac-rienggiua-mien-song-nuoc-ef43078/"
"2025","2025-04-10","Vĩnh Long","direct_lead","high","Du lịch chung/chiến lược","","Lan tỏa thông điệp Điểm hẹn phương Nam với giá trị lịch sử, văn hóa độc đáo","https://baovinhlong.com.vn/tin-moi/202504/tuan-le-van-hoa-the-thao-va-du-lich-2025-lan-toa-thong-diep-diem-hen-phuong-nam-voi-gia-tri-lich-su-van-hoa-doc-dao-0e0240b/"
"2025","2025-04-10","Vĩnh Long","direct_title","high","Du lịch chung/chiến lược","","Tổ chức Tuần lễ văn hóa, thể thao và du lịch tỉnh Vĩnh Long","https://baovinhlong.com.vn/tin-moi/202504/to-chuc-tuan-le-van-hoa-the-thao-va-du-lich-tinh-vinh-long-cc70940/"
"2025","2025-04-04","Vĩnh Long","direct_title","high","Du lịch chung/chiến lược; Sông nước - miệt vườn","Cù lao An Bình - Long Hồ","Khách du lịch đến Long Hồ tăng trong quý I","https://baovinhlong.com.vn/xa-hoi/202504/khach-du-lich-den-long-hotang-trong-quy-i-628447e/"
"2025","2025-03-26","Vĩnh Long","direct_lead","high","Sông nước - miệt vườn; Cộng đồng - nông thôn","Cù lao An Bình - Long Hồ","Kỳ 3: “Chạm sách” giữa miệt vườn sông nước","https://baovinhlong.com.vn/phong-su-ky-su/202503/yeu-van-hoa-dan-toc-theo-cach-cua-nguoi-tre-ky3cham-sach-giua-miet-vuon-song-nuoc-9c26ddc/"
"2025","2025-03-10","Vĩnh Long","destination_event","medium","Di tích - bảo tàng - tâm linh","Văn Thánh Miếu","Nhiều hoạt động tại lễ hội Xuân đinh di tích Văn Thánh Miếu","https://baovinhlong.com.vn/van-hoa-giai-tri/202503/nhieu-hoat-dong-tai-le-hoi-xuan-dinh-di-tich-van-thanh-mieu-e1f30f4/"
"2025","2025-03-01","Vĩnh Long","direct_lead","high","Du lịch chung/chiến lược; Sông nước - miệt vườn; Văn hóa Khmer - lễ hội; Di tích - bảo tàng - tâm linh; Cộng đồng - nông thôn","","Gìn giữ, phát huy bản sắc văn hóa các dân tộc","https://baovinhlong.com.vn/tin-noi-bat/202503/gin-giu-phat-huy-ban-sac-van-hoa-cac-dan-toc-641676b/"
"2025","2025-02-25","Vĩnh Long","tourism_category","high","Du lịch chung/chiến lược","","Tăng cường chất văn hóa vào sản phẩm du lịch","https://baovinhlong.com.vn/xa-hoi/du-lich/202502/tang-cuong-chat-van-hoa-vao-san-pham-du-lich-1b863bd/"
"2025","2025-02-24","Vĩnh Long","direct_title","high","Du lịch chung/chiến lược; Sông nước - miệt vườn; Làng nghề - di sản nghề","Mang Thít - gạch gốm; Cù lao An Bình - Long Hồ","Ngành quản trị dịch vụ du lịch và lữ hành học gì, làm gì?","https://baovinhlong.com.vn/xa-hoi/giao-duc-dao-tao/202502/nganh-quan-tri-dich-vu-du-lich-va-lu-hanh-hoc-gi-lam-gi-f0522f7/"
"2025","2025-02-14","Vĩnh Long","direct_title","high","Du lịch chung/chiến lược; Sông nước - miệt vườn","Cù lao An Bình - Long Hồ","Bí thư Tỉnh ủy Trần Tiến Dũng khảo sát các điểm du lịch, công ty tại huyện Long Hồ","https://baovinhlong.com.vn/thoi-su/202502/bi-thu-tinh-uy-tran-tien-dung-khao-sat-cac-diem-du-lich-cong-ty-tai-huyen-long-ho-bf13126/"
"2025","2025-02-06","Vĩnh Long","direct_title","high","Du lịch chung/chiến lược; Sông nước - miệt vườn","","Xử phạt 55,5 triệu đồng hoạt động văn hóa, du lịch và quảng cáo","https://baovinhlong.com.vn/phap-luat/202502/xu-phat-555-trieu-dong-hoat-dong-van-hoa-du-lich-va-quang-cao-f6208c6/"
"2025","2025-02-03","Vĩnh Long; Trà Vinh; Bến Tre","tourism_category","high","Du lịch chung/chiến lược; Biển - sinh thái ven biển","Bến Tre - xứ Dừa/An Hội","“Tam giác” kết nối tour du lịch Bến Tre- Trà Vinh - Vĩnh Long","https://baovinhlong.com.vn/xa-hoi/du-lich/202502/tam-giacket-noi-tour-du-lich-ben-tre-tra-vinh-vinh-long-1ca37b2/"
"2025","2025-02-03","Vĩnh Long","direct_title","high","Du lịch chung/chiến lược; Sông nước - miệt vườn; Làng nghề - di sản nghề","Mang Thít - gạch gốm","Hỗ trợ doanh nghiệp trang bị máy móc phục vụ sản xuất kinh doanh, phát triển sản phẩm gốm du lịch","https://baovinhlong.com.vn/kinh-te/202502/ho-tro-doanh-nghiep-trang-bi-may-moc-phuc-vu-san-xuat-kinh-doanh-phat-trien-san-pham-gom-du-lich-b7a0885/"
"2025","2025-02-03","Vĩnh Long","direct_title","high","Du lịch chung/chiến lược; Di tích - bảo tàng - tâm linh","Lăng Ông Trà Ôn","Khoảng 18.600 lượt khách viếng Lăng Ông những ngày đầu xuân Ất Tỵ 2025","https://baovinhlong.com.vn/tin-moi/202502/khoang-18600-luot-khach-vieng-lang-ong-nhung-ngay-dau-xuan-at-ty-2025-e34339a/"
"2025","2025-02-03","Vĩnh Long","tourism_category","high","Sông nước - miệt vườn; Làng nghề - di sản nghề; Di tích - bảo tàng - tâm linh","Mang Thít - gạch gốm","Kỳ vọng nâng tầm di sản làng nghề gạch gốm đỏ","https://baovinhlong.com.vn/xa-hoi/du-lich/202502/ky-vong-nang-tamdi-san-lang-nghegach-gom-do-0f23a4f/"
"2025","2025-02-03","Vĩnh Long","direct_title","high","Du lịch chung/chiến lược; Di tích - bảo tàng - tâm linh","","Vĩnh Long thu hút đông đảo khách du lịch dịp Tết","https://baovinhlong.com.vn/video/202502/vinh-long-thu-hut-dong-dao-khach-du-lich-dip-tet-84405f6/"
"2025","2025-02-02","Vĩnh Long","tourism_category","high","Du lịch chung/chiến lược; Sông nước - miệt vườn; Di tích - bảo tàng - tâm linh","","Vĩnh Long đón 75.000 lượt du khách trong dịp Tết Ất Tỵ","https://baovinhlong.com.vn/xa-hoi/du-lich/202502/vinh-long-don-75000-luot-du-khach-trong-dip-tet-at-ty-d7a2174/"
"2025","2025-02-01","Vĩnh Long","destination_event","medium","Làng nghề - di sản nghề; Ẩm thực - đặc sản; Di tích - bảo tàng - tâm linh","Lăng Ông Trà Ôn","22 đội thi “Làm bánh dân gian” tại Lễ hội Lăng ông Trà Ôn","https://baovinhlong.com.vn/van-hoa-giai-tri/202502/22-doi-thi-lam-banh-dan-gian-tai-le-hoi-lang-ong-tra-on-10f34b2/"
"2025","2025-02-01","Vĩnh Long","destination_event","medium","Di tích - bảo tàng - tâm linh","Lăng Ông Trà Ôn","Đặc sắc lễ hội Lăng ông Tiền quân Thống chế Điều bát","https://baovinhlong.com.vn/multimedia/202502/dac-sac-le-hoi-lang-ong-tien-quan-thong-che-dieu-bat-1dc30aa/"
"2025","2025-02-01","Vĩnh Long","direct_title","high","Di tích - bảo tàng - tâm linh","Lăng Ông Trà Ôn","Du Xuân vui lễ hội Lăng ông","https://baovinhlong.com.vn/video/202502/du-xuan-vui-le-hoi-lang-ong-bc94638/"
"2025","2025-01-31","Vĩnh Long; Trà Vinh","tourism_category","high","Du lịch chung/chiến lược; Sông nước - miệt vườn","Cù lao An Bình - Long Hồ","Long Hồ: Điểm nhấn riêng từ du lịch đặc thù địa phương","https://baovinhlong.com.vn/xa-hoi/du-lich/202501/long-ho-diem-nhan-rieng-tu-du-lich-dac-thudia-phuong-b7038f9/"
"2025","2025-01-31","Vĩnh Long","direct_lead","high","Du lịch chung/chiến lược; Sông nước - miệt vườn; Cộng đồng - nông thôn","","Phát triển kinh tế xanh gắn với bảo tồn, phát huy giá trị văn hóa","https://baovinhlong.com.vn/kinh-te/202501/phat-trien-kinh-te-xanhgan-voi-bao-ton-phat-huygia-tri-van-hoa-33e22bc/"
"2025","2025-01-29","Vĩnh Long","direct_title","high","Du lịch chung/chiến lược","","Chào mừng đoàn du khách quốc tế đầu tiên đến Vĩnh Long đầu Xuân Ất Tỵ 2025","https://baovinhlong.com.vn/tin-moi/202501/chao-mung-doan-du-khach-quoc-te-dau-tien-den-vinh-long-dau-xuan-at-ty-2025-30c1adf/"
"2025","2025-01-29","Vĩnh Long","direct_title","high","","","Du xuân đầu năm mới","https://baovinhlong.com.vn/tin-moi/202501/du-xuan-dau-nam-moi-0ba1bf7/"
"2025","2025-01-28","Vĩnh Long","destination_event","medium","Sông nước - miệt vườn; Làng nghề - di sản nghề","Mang Thít - gạch gốm","Xúm xính áo quần đi chụp ảnh Tết tại là “Con đường gốm và dài nhất Việt Nam”","https://baovinhlong.com.vn/multimedia/202501/xum-xinh-ao-quan-di-chup-anh-tet-tai-la-con-duong-gom-va-dai-nhat-viet-nam-a9a1fea/"
"2025","2025-01-27","Vĩnh Long","direct_title","high","Du lịch chung/chiến lược; Sông nước - miệt vườn","","Xuân về rộn ràng tại các điểm kinh doanh dịch vụ du lịch","https://baovinhlong.com.vn/video/202501/xuan-ve-ron-rang-tai-cac-diem-kinh-doanh-dich-vu-du-lich-c861ca4/"
"2025","2025-01-22","Vĩnh Long","direct_lead","high","Sông nước - miệt vườn; Làng nghề - di sản nghề","Cù lao An Bình - Long Hồ; Chợ Lách - hoa kiểng","Kỳ 3: Về làng mai vàng “bạc tỷ” Phước Định","https://baovinhlong.com.vn/nhip-song-dong-bang/202501/mien-tay-vao-mua-hoa-dep-nhat-ky3ve-lang-mai-vang-bac-ty-phuoc-dinh-dc25e73/"
"2025","2025-01-14","Vĩnh Long","direct_title","high","Du lịch chung/chiến lược; Ẩm thực - đặc sản","","Xây dựng và phát triển sản phẩm du lịch đặc thù","https://baovinhlong.com.vn/tin-moi/202501/xay-dung-va-phat-triensan-pham-du-lich-dac-thu-c140778/"
"2025","2025-01-08","Vĩnh Long","tourism_category","high","Du lịch chung/chiến lược; Làng nghề - di sản nghề; Di tích - bảo tàng - tâm linh","","Kỳ cuối: Xây dựng dòng sản phẩm di sản văn hóa, làng nghề","https://baovinhlong.com.vn/xa-hoi/du-lich/202501/to-chuc-lai-khong-gian-phat-trien-du-lich-ky-cuoixay-dung-dong-san-pham-di-san-van-hoa-lang-nghe-b206409/"
"2025","2025-01-08","Vĩnh Long","direct_title","high","Du lịch chung/chiến lược; Sông nước - miệt vườn","","Trình ban hành 23 danh mục dịch vụ sự nghiệp công sử dụng ngân sách nhà nước lĩnh vực văn hóa, gia đình và du lịch","https://baovinhlong.com.vn/thoi-su/202501/ban-hanh-23-danh-muc-dich-vu-su-nghiep-cong-su-dung-ngan-sach-nha-nuoc-linh-vuc-van-hoa-gia-dinh-va-du-lich-aa862cd/"
"2025","2025-01-07","Vĩnh Long","tourism_category","high","Du lịch chung/chiến lược","","Tổ chức lại không gian phát triển du lịch","https://baovinhlong.com.vn/xa-hoi/du-lich/202501/to-chuc-lai-khong-gian-phat-trien-du-lich-939670e/"